{
    "precision":{
        "0":0.984858141,
        "1":0.7343470483,
        "accuracy":0.9784173489,
        "macro avg":0.8596025946,
        "weighted avg":0.9764326862
    },
    "recall":{
        "0":0.9929321895,
        "1":0.5613675214,
        "accuracy":0.9784173489,
        "macro avg":0.7771498554,
        "weighted avg":0.9784173489
    },
    "f1-score":{
        "0":0.9888786846,
        "1":0.6363107925,
        "accuracy":0.9784173489,
        "macro avg":0.8125947386,
        "weighted avg":0.9770207474
    },
    "support":{
        "0":84043.0,
        "1":2925.0,
        "accuracy":0.9784173489,
        "macro avg":86968.0,
        "weighted avg":86968.0
    }
}